"type","indel_type","chromo","indels","callable","divergence"
"cds","deletion","autosomes",1350,13235640,0.000101997334469659
"cds","indel","autosomes",2475,13235640,0.000186995113194375
"cds","insertion","autosomes",1125,13235640,8.4997778724716e-05
"non-coding","deletion","autosomes",49073,45650978,0.00107496054082346
"non-coding","indel","autosomes",131360,45650978,0.00287748490295213
"non-coding","insertion","autosomes",82287,45650978,0.00180252436212867
